{
    "title": "Working Hours",
    "social_links": {
        "wolt": "https:\/\/wolt.com\/en\/lva\/riga\/restaurant\/calliano-lounge",
        "facebook": "https:\/\/www.facebook.com\/callianollounge\/",
        "google": "https:\/\/maps.app.goo.gl\/gJuX5mvk8dgz8DA9A"
    },
    "days": [
        {
            "name": "Monday",
            "nameRu": "Понедельник",
            "time": "11:00 — 24:00",
            "status": "green"
        },
        {
            "name": "Tuesday",
            "nameRu": "Вторник",
            "time": "11:00 — 24:00",
            "status": "green"
        },
        {
            "name": "Wednesday",
            "nameRu": "Среда",
            "time": "11:00 — 24:00",
            "status": "green"
        },
        {
            "name": "Thursday",
            "nameRu": "Четверг",
            "time": "11:00 — 24:00",
            "status": "green"
        },
        {
            "name": "Friday",
            "nameRu": "Пятница",
            "time": "11:00 — 01:00",
            "status": "green"
        },
        {
            "name": "Saturday",
            "nameRu": "Суббота",
            "time": "12:00 — 01:00",
            "status": "green"
        },
        {
            "name": "Sunday",
            "nameRu": "Воскресенье",
            "time": "12:00 — 24:00",
            "status": "green"
        }
    ],
    "csrf_token": "c726a31b0adf9dca3a52d572b13485451d38e1891753668cf8ef500a1f376b9a"
}